repeat_id,score,seq_name,start,end,period,unit_number,unit_size,purity,indels,trf_score,a,c,g,t,entropy,consensus,sequence
1,9.269669371300246e-01,BK006935.2,2,62,2,33.0,2,75,15,76,40,59,0,0,0.98,CA
2,-3.153373046359986e-03,BK006935.2,2,61,12,5.4,12,84,15,95,40,60,0,0,0.97,CACACCACACCA
3,-9.519268919883792e-01,BK006935.2,64,90,11,2.5,11,88,11,42,37,44,3,14,1.63,CCTAACACAGC
4,-3.219645253357022e-01,BK006935.2,202,277,11,6.6,11,65,28,62,26,48,2,22,1.63,CTACCATTACC
5,-1.039094613872380,BK006935.2,367,415,18,2.8,18,71,17,55,28,40,4,26,1.74,ACCACTTGTATACTCACC
6,-1.029195183445993,BK006935.2,4320,4347,15,1.9,14,85,7,42,42,32,10,14,1.80,ACAAGCAACTCATG
7,-9.942009241203642e-01,BK006935.2,9257,9306,17,2.8,17,72,6,51,26,22,8,44,1.80,CAGTTTTTACCATTACA
8,-9.613210205804001e-01,BK006935.2,11875,11934,27,2.2,27,93,0,106,16,25,25,33,1.96,GTCTCAGCAGCTCCAGTACTGGTAGTT
9,-8.281469537926689e-01,BK006935.2,11865,11934,27,2.6,26,86,6,93,15,24,22,37,1.93,TACTGTAGTTGTCTCAGCAGCTCCAG
10,-5.550778802176957e-01,BK006935.2,12259,12326,21,3.2,21,82,0,87,2,19,26,51,1.61,GTGGTTTGCTTTGTTGTCCCC
11,2.538608684024363,BK006935.2,12469,12838,48,7.7,48,91,0,600,24,11,29,34,1.90,GTTGTTGTACTGGTAACAGGTGGTAATGATGAAGTAATTTCCTGACTT
12,-6.947093551605270e-01,BK006935.2,12864,12894,9,3.5,8,83,16,41,58,3,35,3,1.31,AGAAGAGA
13,4.539326067389162e-01,BK006935.2,12999,13135,15,9.1,15,72,9,119,47,6,32,13,1.68,AGAAGAAATGACAGA
14,-3.741504115548231e-01,BK006935.2,12999,13127,30,4.3,30,83,7,159,47,5,33,13,1.66,AGAAGAAATGACTGAGGAAGAAATGACTAG
15,-5.188619406480022e-01,BK006935.2,12999,13133,45,3.0,45,79,5,169,47,6,32,13,1.69,AGAAGAAGTGACAGGGGAAGAAATGACTGAGGAAGAAATGACTAG
16,-9.394580079507626e-01,BK006935.2,14767,14793,10,2.7,10,82,0,40,70,0,29,0,0.88,AGGAAAAGAA
17,-9.929071242844152e-01,BK006935.2,14790,14820,13,2.4,13,94,0,55,58,9,12,19,1.62,AAAAATCGATGTC
18,-8.570276932944700e-01,BK006935.2,18039,18078,19,2.2,18,81,4,52,32,0,15,52,1.43,ATTGGTAATTTATTGAAA
19,-7.978706050005833e-01,BK006935.2,20037,20074,11,3.5,11,75,10,43,13,21,10,55,1.67,GTTATCTTCCT
20,-1.038945152653469,BK006935.2,22261,22290,15,1.9,16,86,6,48,36,10,6,46,1.64,ACTAGTATATTATATT
22,-9.600724319047127e-02,BK006935.2,23708,23758,8,5.8,9,81,6,64,84,1,0,13,0.71,AAATAAAAA
23,1.021768685350053,BK006935.2,23706,23764,3,15.5,4,84,15,55,79,3,0,16,0.86,ATAA
24,1.894903979781468e-01,BK006935.2,23706,23764,7,7.2,9,81,13,62,79,3,0,16,0.86,ATAAATAAA
25,-9.613210205804001e-01,BK006935.2,24307,24366,27,2.2,27,93,0,106,16,25,25,33,1.96,GTCTCAGCAGCTCCAGTACTGGTAGTT
26,-8.281469537926689e-01,BK006935.2,24297,24366,27,2.6,26,86,6,93,15,24,22,37,1.93,TACTGTAGTTGTCTCAGCAGCTCCAG
27,-2.971566065089213e-01,BK006935.2,24689,24779,21,4.3,21,79,5,121,2,16,26,54,1.53,CTGTGGTTTGCTTTGTTGTCT
28,-7.000607285725102e-01,BK006935.2,25029,25059,9,3.4,9,86,8,43,54,3,38,3,1.32,AGAAGAGGA
29,4.539326067389162e-01,BK006935.2,25164,25300,15,9.1,15,72,9,119,47,6,32,13,1.68,AGAAGAAATGACAGA
30,-3.741504115548231e-01,BK006935.2,25164,25292,30,4.3,30,83,7,159,47,5,33,13,1.66,AGAAGAAATGACTGAGGAAGAAATGACTAG
31,-5.188619406480022e-01,BK006935.2,25164,25298,45,3.0,45,79,5,169,47,6,32,13,1.69,AGAAGAAGTGACAGGGGAAGAAATGACTGAGGAAGAAATGACTAG
32,-1.818824003586450,BK006935.2,25394,27147,135,13.0,134,91,2,2416,21,14,32,31,1.93,TGGCTGTGTTGGTGTTCTGATGACAATGATGGTTTCATCAGTTGGCAAACCGTTGGTACCGGTGACGGTGGTCATTTCAGTGGATGTAGAGGTAAAAGTGTCGTTCCATGGCTGAGTTGTAGTCATGGCAGTAG
33,1.068510668382913,BK006935.2,31117,31146,2,15.0,2,92,0,53,50,3,0,46,1.18,AT
34,9.546776262373264e-01,BK006935.2,31484,31505,2,11.0,2,100,0,44,50,50,0,0,1.00,CA
35,-8.586430055120935e-01,BK006935.2,33392,33426,12,2.9,12,78,0,42,65,14,5,14,1.44,AACAACAATAAC
36,-1.029195183445993,BK006935.2,33394,33422,15,1.9,15,85,0,44,62,17,6,13,1.52,CAATAAGAACAACAG
37,-1.151746072171478,BK006935.2,36423,36449,14,1.9,14,92,0,47,0,14,0,85,0.61,TTTTTTTTTCCTTC
38,-9.781034507671087e-01,BK006935.2,39129,39176,24,1.9,26,79,8,65,50,20,14,14,1.78,GTAATCAAGCGAACATAGAAAAACCC
39,-9.826335656903218e-01,BK006935.2,50735,50761,13,2.2,13,86,6,42,44,7,3,44,1.49,AATAAATTATTTC
40,-9.490293945646193e-01,BK006935.2,51665,51701,18,2.1,18,78,0,46,18,8,16,56,1.64,TTTATTTGACAATGACTT
41,-8.909388491591705e-01,BK006935.2,55046,55091,21,2.1,22,80,11,61,21,23,21,32,1.98,TTCTAAAGCCTTAGCATCGAGC
42,-1.095018281782438,BK006935.2,57899,57919,10,2.1,10,100,0,42,47,9,0,42,1.36,TACATATATA
43,-9.498720743884099e-01,BK006935.2,62551,62590,15,2.5,17,76,8,49,37,15,37,10,1.80,GAAGAGCCAGTCAGAGG
44,-7.541448745284789e-01,BK006935.2,67716,67754,13,3.1,12,78,14,45,69,0,28,2,1.02,AGAGAAAAGAAA
46,-8.027621298829792e-01,BK006935.2,69968,69993,8,3.2,8,94,0,45,11,3,26,57,1.51,TGTTGTAT
47,-1.076593868499537,BK006935.2,70182,70201,9,2.2,9,100,0,40,80,0,20,0,0.72,AAAAAAAGG
48,-9.826586089952520e-01,BK006935.2,70168,70197,17,1.9,17,81,18,45,76,0,20,3,0.92,AAAAGTGAGAAGAAAAA
50,-8.611979854466376e-01,BK006935.2,71704,71742,18,2.2,17,82,13,52,12,12,7,66,1.43,GTTTATTATTCTTACTT
51,-8.379476196696352e-01,BK006935.2,73315,73348,14,2.5,14,85,4,49,29,0,2,67,1.05,ATTATATTTTTTAA
52,-1.088704321386957,BK006935.2,73611,73634,12,2.0,12,100,0,48,66,8,0,25,1.19,AAAAATTCAATA
53,-8.796760028866408e-01,BK006935.2,76624,76654,15,2.3,14,84,15,45,58,9,29,3,1.46,GAAGCAACGAAGAA
54,2.878291997441516e-01,BK006935.2,76698,76746,6,8.7,6,76,13,48,63,2,34,0,1.06,AGAAGG
55,-1.017641747109281,BK006935.2,76787,76813,12,2.2,12,86,0,40,51,7,33,7,1.58,AAGGAGAAGAAC
56,-1.061505177440730,BK006935.2,76829,76857,15,1.9,15,100,0,58,20,20,37,20,1.94,GCTGCTGCTGAGAAG
57,-1.160640730650429,BK006935.2,76961,76984,13,1.9,12,91,8,41,54,12,16,16,1.72,TTGAAGAACAAC
58,-1.228276426687018,BK006935.2,76994,77035,15,2.8,15,68,17,46,54,0,40,4,1.21,GAAAGAGAGGAAGAA
59,-6.865113255274629e-01,BK006935.2,76976,77053,24,3.2,24,76,7,83,52,5,34,7,1.52,GAAGAAGAAGAAAGATTGGAGAAA
60,-1.032104366971681,BK006935.2,77008,77042,12,3.0,11,72,12,42,48,0,40,11,1.39,AGAAAGATTGG
61,-1.012795001060582,BK006935.2,77060,77118,28,2.0,29,78,18,75,55,10,28,5,1.54,AAGGAAGAAGGCAAAGCGTGAAAAACGAA
62,1.105795159943440,BK006935.2,77495,77539,3,15.0,3,95,0,83,64,0,35,0,0.94,GAA
63,-8.258609958073471e-01,BK006935.2,77567,77599,12,2.8,12,90,4,54,33,42,15,9,1.78,AGCTACACCAGC
64,-6.962311595974036e-01,BK006935.2,83198,83217,6,3.3,6,100,0,40,65,15,20,0,1.28,GAAAAC
65,-8.818343090120215e-01,BK006935.2,85327,85366,14,2.8,14,76,3,45,20,10,32,37,1.85,TGGAGCTTTGAAGG
66,-5.730924652479110e-01,BK006935.2,87804,87834,8,3.9,8,86,0,41,45,6,6,41,1.55,ATATATGC
67,-1.147366012619529,BK006935.2,91450,91473,12,2.0,12,91,0,41,54,0,16,29,1.43,AAAATATGGTAA
68,-1.087503376781144,BK006935.2,92292,92314,9,2.4,10,92,7,41,0,0,13,86,0.56,TTTTTTTGTG
69,-1.147366012619529,BK006935.2,93854,93877,12,2.0,12,91,0,41,12,33,8,45,1.72,TCTTCATCATCG
70,-1.133626782611189,BK006935.2,94035,94062,15,1.9,14,92,7,49,35,3,32,28,1.74,GTTTGAAAGATGAG
71,-9.259621352448668e-01,BK006935.2,99938,99969,14,2.3,14,100,0,64,37,12,12,37,1.81,TAATAGTAAGCTTC
72,1.576941430611918e-01,BK006935.2,100361,100408,6,8.0,6,76,0,47,4,35,22,37,1.74,TCGCTG
73,-9.211218210872125e-01,BK006935.2,100364,100407,18,2.4,18,92,0,74,4,36,20,38,1.73,CTGTCGCTCTCGCTTTCA
74,-7.103688266719679e-01,BK006935.2,100355,100392,12,3.2,12,80,0,48,7,36,15,39,1.77,TCACTATCGCTT
75,-1.073898711208742,BK006935.2,100458,100509,27,1.9,27,92,0,90,25,38,7,28,1.83,CAACGTATTCAACTTCCCCATCATCTG
77,-7.755655603480569e-01,BK006935.2,101464,101504,15,2.7,15,88,0,61,24,21,12,41,1.87,CATCTATATATGCTC
78,-1.146058904746312,BK006935.2,106061,106103,16,2.7,16,70,26,43,60,6,20,11,1.54,AATAAAATCAGAAAGG
79,-9.124257112735144e-01,BK006935.2,108715,108759,13,3.3,14,72,22,54,4,13,6,75,1.15,TTTCGTTTCTTTTT
80,-7.143955305764826e-01,BK006935.2,108720,108758,11,4.0,10,73,20,42,5,10,5,79,1.04,TTCTTATTTT
81,9.088018381355021e-01,BK006935.2,110696,110716,2,10.5,2,100,0,42,52,0,47,0,1.00,AG
82,-6.271412780622831e-01,BK006935.2,110693,110738,14,3.4,13,78,6,57,67,0,30,2,1.03,AAAAGAGAGAAAA
83,-8.430307766773815e-01,BK006935.2,110681,110735,12,4.5,11,65,19,40,65,3,27,3,1.26,AAAAAGAGAGA
84,-3.123212911776825e-01,BK006935.2,112741,112799,12,5.2,12,74,15,63,5,27,32,35,1.79,CCTGTTGCTGAG
85,-9.153785001955874e-01,BK006935.2,112757,112798,21,2.0,21,81,9,58,7,21,33,38,1.81,TTGCTGAGCCTGTTGTGTAGC
86,1.081065746135813,BK006935.2,113051,113095,3,15.0,3,90,0,76,4,0,28,66,1.11,GTT
87,-8.664024654357838e-01,BK006935.2,113065,113104,18,2.2,18,81,0,52,10,5,22,62,1.46,TGTTATTGTTGTTATCCA
88,-5.916485342663698e-01,BK006935.2,113286,113318,9,3.7,9,87,0,52,0,24,33,42,1.55,TGCTGCTGT
89,5.787472782434115e-01,BK006935.2,113286,113318,3,11.0,3,80,0,45,0,24,33,42,1.55,TGC
90,-1.061505177440730,BK006935.2,113289,113317,15,1.9,15,100,0,58,0,20,34,44,1.52,TGCTGTTGCTGCTGT
91,-7.714067326366354e-01,BK006935.2,113395,113431,13,2.9,12,80,8,46,2,32,24,40,1.69,TCCCTTGTGCTG
92,-1.025300184509846,BK006935.2,116147,116197,21,2.4,21,73,0,53,52,13,13,19,1.73,ACGACAATAATAATAGCAATA
93,-5.493049050981333e-01,BK006935.2,116284,116305,6,3.7,6,100,0,44,31,50,18,0,1.47,CCAGCA
94,-8.871496475306351e-01,BK006935.2,116428,116471,21,2.1,21,83,8,62,45,9,34,11,1.72,GACTATAACGAGGAGGAAGAA
95,-8.021862693574924e-01,BK006935.2,116458,116510,12,4.4,12,67,9,45,35,3,37,22,1.72,GATGAGGAAGAT
96,5.896749367413456e-01,BK006935.2,116480,116516,3,12.3,3,76,0,46,32,8,35,24,1.85,ATG
97,4.053532423448012e-01,BK006935.2,116417,116516,9,11.1,9,65,8,71,39,7,34,20,1.79,ATGACGATG
98,-8.836981576586715e-01,BK006935.2,118313,118361,19,2.6,18,75,18,51,69,2,10,18,1.27,AAAAAATAAAAATATAGC
99,-7.646248077388840e-01,BK006935.2,118470,118523,18,2.9,19,76,15,58,37,5,18,38,1.74,AGTATATATACATAGGTGT
100,-9.909705064353609e-01,BK006935.2,119126,119153,13,2.2,12,87,6,42,64,3,21,10,1.40,AAAAAGGAATGA
101,-1.883445721027079e-01,BK006935.2,119652,119682,6,5.2,6,92,0,41,38,6,6,48,1.55,ATCTAT
102,-1.350762052209897e-02,BK006935.2,120159,120185,5,5.4,5,100,0,54,0,0,18,81,0.69,TTTTG
103,-7.358085456231869e-01,BK006935.2,124925,124954,9,3.3,9,95,0,53,53,33,3,10,1.51,CAACAACAT
104,-7.362127175586870e-01,BK006935.2,126867,126895,10,3.2,9,90,9,46,0,10,0,89,0.48,TTTCTTTTT
105,-1.883445721027079e-01,BK006935.2,128572,128602,6,5.2,6,92,0,41,12,16,38,32,1.86,GTGACT
106,-8.547022955577581e-01,BK006935.2,129284,129324,19,2.2,19,83,16,58,46,26,24,2,1.65,ACCACAGGAAAGGAACAGG
107,-9.767679984261697e-01,BK006935.2,129708,129742,15,2.1,15,80,15,42,51,8,34,5,1.56,GAGGAGGAAAAAAAC
108,-8.617897823920095e-01,BK006935.2,132297,132373,15,5.1,15,62,22,50,35,10,32,22,1.88,TGACGATGATGAGGA
109,-7.981234104915991e-01,BK006935.2,132307,132347,12,3.5,11,74,12,40,36,12,34,17,1.87,GATGATGAAAC
110,-8.601945126417554e-01,BK006935.2,132936,132980,21,2.2,20,80,11,57,73,4,15,6,1.21,AAAAAGAAAGGAACAAAATA
111,-1.026977536700976,BK006935.2,133427,133485,29,2.0,31,78,18,77,55,10,23,10,1.63,AATCAAGTGATACCGAAAAGGAAAAGAAGAT
112,-3.542967734226614e-01,BK006935.2,139549,139607,12,4.9,12,75,8,78,23,42,27,6,1.79,GGAGCACCACCT
113,-9.532841650190143e-01,BK006935.2,142803,142842,21,1.9,21,80,10,54,37,12,32,17,1.87,TGAAGAAGCTGACGCTGAAGC
114,-9.145770046904864e-01,BK006935.2,142861,142903,21,2.0,22,82,13,62,30,27,25,16,1.97,GCTAAGCAAGCTGCTAAGTCCA
115,-1.122721644386986,BK006935.2,142870,142903,9,3.0,12,72,28,46,26,32,23,17,1.97,GCTGCTAAGCCA
116,-1.172281271939654,BK006935.2,151502,151564,23,3.0,20,68,28,62,31,1,4,61,1.26,AAATATTTTTAATAGTTTTT
117,-8.703678882516648e-01,BK006935.2,151517,151569,23,2.2,24,80,12,68,24,1,5,67,1.22,TTTTTAAATATATTTACATGTTTT
118,-1.020362444295430,BK006935.2,151527,151554,13,2.1,14,86,6,44,25,3,3,67,1.22,TTTTACAATTTATT
120,-9.560129434354969e-01,BK006935.2,160509,160543,15,2.1,18,85,15,55,42,5,14,37,1.69,GTATATGATAATATACTA
121,-9.897431974092121e-01,BK006935.2,161271,161309,20,1.9,20,78,5,50,15,25,5,53,1.62,TCTATTTCTATTCATCCTCA
122,-9.560129434354969e-01,BK006935.2,166097,166131,15,2.1,18,85,15,55,42,5,14,37,1.69,GTATATGATAATATACTA
123,-1.160640730650429,BK006935.2,172009,172032,13,1.9,12,91,8,41,87,0,12,0,0.54,AAAAAAAAAAGA
124,-1.151746072171478,BK006935.2,176552,176578,14,1.9,14,92,0,47,37,11,0,51,1.37,TTCATACTATTAAT
125,-9.537665827664206e-01,BK006935.2,181912,181943,15,2.1,16,82,5,45,43,18,6,31,1.75,AAATCTTCAACAATTC
126,-1.032621170161051,BK006935.2,183182,183206,11,2.4,10,93,6,43,44,8,0,48,1.32,TATATTATCA
127,3.197075474920716e-01,BK006935.2,189216,189246,4,8.5,4,82,13,40,70,0,0,29,0.87,AATA
128,-8.140317386841083e-01,BK006935.2,189216,189248,15,2.5,13,85,14,47,72,0,0,27,0.85,AATAAATAATAAT
129,-4.084523879217847e-01,BK006935.2,189985,190011,6,4.7,6,86,4,42,40,33,14,11,1.82,AGCATC
130,-9.402342421757772e-01,BK006935.2,190133,190166,14,2.5,14,95,4,63,47,41,5,5,1.52,ACCACACGACAATA
131,-1.018249701946261,BK006935.2,190870,190899,16,1.9,16,86,6,48,20,33,40,6,1.78,GGAAGCGGAATCCGCC
132,9.551854435814839e-01,BK006935.2,192292,192327,3,11.7,3,94,5,65,36,30,0,33,1.58,TAC
133,-1.885264446610655e-01,BK006935.2,192295,192343,9,5.2,10,82,4,55,42,22,0,34,1.54,TACTACTAAA
134,-8.860277694698773e-01,BK006935.2,192472,192500,9,3.1,9,80,9,44,82,0,17,0,0.66,AAAGGAAAA
135,-7.529520582026101e-01,BK006935.2,192464,192500,11,3.2,11,80,7,46,78,0,21,0,0.75,AAAAAAGGAAA
136,-8.338947083431101e-01,BK006935.2,192855,192891,18,2.3,15,81,13,46,37,29,2,29,1.71,AAACACCACTTATCT
137,1.046065290726005,BK006935.2,193973,194036,3,21.3,3,83,0,51,45,3,18,32,1.65,ATG
138,-9.062238448745183e-01,BK006935.2,194578,194606,13,2.4,13,83,11,41,65,10,6,17,1.44,AAAAATGCTTCAA
139,-9.099717387083224e-01,BK006935.2,196014,196050,18,2.1,18,85,5,55,67,10,21,0,1.21,AAAAGAAAGGGCAACAAA
140,-9.187170716417377e-01,BK006935.2,198841,198870,11,2.7,11,94,0,53,0,16,23,60,1.36,TTTCTTCGTGG
142,-1.819259316564902,BK006935.2,204233,206652,135,17.9,135,88,3,2690,31,31,15,21,1.95,AACTACAACTGAGCCATGGAACGGCACTTTTACCTCTACATCCACTGAAATGACCACCGTCACCGGTACCAACGGTTTGCCAACTGACGAAACCATCATTGTCATCAGAACACCAACAACAGCCACTACTGCCAT
143,6.382875037054636e-02,BK006935.2,206757,206839,15,5.5,15,84,8,114,14,32,4,48,1.65,ATTTCTTCCTCAGTC
144,-5.871344255410669e-01,BK006935.2,207234,207298,21,3.1,21,81,0,95,58,27,13,0,1.36,ACAGAGACAACAAAGCAAACC
145,-6.356056716232892e-01,BK006935.2,207623,207711,27,3.3,27,88,0,136,33,23,21,21,1.97,TGAGACGACTACCAATACTGTAGCTGC
146,-6.072868834285579e-01,BK006935.2,208251,208289,9,4.6,9,73,17,42,20,2,2,74,1.06,ATTTTATTT
147,-7.978706050005833e-01,BK006935.2,212027,212064,11,3.5,11,75,10,43,55,10,21,13,1.67,ATAACAGGAAG
148,-1.027407717468024,BK006935.2,212396,212424,14,2.0,15,86,6,46,10,13,17,58,1.62,TTCCTTGTAGGTTAT
149,-9.262475606691261e-01,BK006935.2,217470,217500,13,2.4,13,88,0,48,12,16,12,58,1.64,TTTTTGACATCGC
150,-1.005276792540088,BK006935.2,217494,217523,10,2.9,11,76,14,43,0,30,0,70,0.88,TCTTTTTCCTT
151,-9.500995069454212e-01,BK006935.2,219194,219228,15,2.3,15,90,0,56,8,34,11,45,1.71,TCTTCCTCAGTCATG
152,-9.538211209362693e-01,BK006935.2,220004,220045,21,2.0,20,78,13,51,2,14,9,73,1.18,GTTTTTCTCATTTTTTTTTT
153,3.815091076954638e-01,BK006935.2,220662,220687,3,9.0,3,83,8,40,3,0,26,69,1.06,TTG
154,-1.001834265027953,BK006935.2,220821,220850,15,2.0,15,86,0,46,10,26,26,36,1.88,TCGGGCTCTATAGCT
155,-1.561119960219777e-01,BK006935.2,222297,222347,9,5.7,9,78,0,53,13,43,11,31,1.80,GCTTCCACT
157,8.597682779817284e-01,BK006935.2,223128,223178,4,11.6,5,86,14,43,5,3,0,90,0.56,TTTTA
158,3.798787190343795e-01,BK006935.2,225395,225418,3,8.0,3,90,0,41,62,0,37,0,0.95,GAA
159,-4.230929826725152e-01,BK006935.2,229761,229816,15,3.7,15,85,0,84,23,5,14,57,1.58,TTGTTTACATTAGAT
160,-9.016411274948986e-01,BK006935.2,229862,229903,11,3.5,12,72,21,41,21,0,50,28,1.49,TGGTAGGATGGA
161,-4.862260794831890e-01,BK006935.2,229956,229996,11,3.8,11,87,9,58,24,0,48,26,1.51,GTGAGTGGATA
162,-4.486164681250109e-01,BK006935.2,230093,230118,6,4.3,6,95,0,45,23,0,30,46,1.53,AGTGTT
163,1.132319877893038,BK006935.2,230118,230214,6,16.2,6,88,11,158,0,0,63,36,0.94,GGGTGT
