repeat_id,start,end,period,copy_number,consensus_size,purity,indels,trf_score,a,c,t,g,entropy,var
0,54,130,4,19.3,4,100,0,154,25,49,24,0,1.51,1
1,698,713,6,2.7,6,90,0,25,75,0,6,18,1.01,1
2,994,1004,5,2.2,5,100,0,22,27,0,0,72,0.85,1
3,1027,1040,6,2.3,6,100,0,28,0,14,57,28,1.38,1
4,1684,1695,6,2.0,6,100,0,24,83,16,0,0,0.65,1
0,101,110,3,3.3,3,100,0,20,0,0,30,70,0.88,1
1,221,233,6,2.2,6,100,0,26,38,15,0,46,1.46,1
2,257,266,4,2.5,4,100,0,20,0,20,0,80,0.72,1
3,429,649,27,8.2,27,100,0,442,18,25,18,37,1.94,1
4,702,715,6,2.3,6,100,0,28,28,0,14,57,1.38,1
0,32,43,6,2.0,6,100,0,24,16,16,0,66,1.25,1
1,376,389,4,3.5,4,90,0,21,71,0,28,0,0.86,1
2,1261,1275,6,2.3,6,88,11,23,33,26,13,26,1.93,1
0,49,83,9,3.4,9,71,21,35,68,8,8,14,1.38,1
1,91,113,9,2.4,10,78,14,34,56,13,13,17,1.67,1
2,169,185,7,2.4,7,100,0,34,52,23,0,23,1.47,1
3,383,436,9,5.7,9,64,14,33,50,1,16,31,1.56,1
4,441,463,9,2.7,9,86,6,34,30,8,8,52,1.62,1
5,607,618,6,2.0,6,100,0,24,33,16,16,33,1.92,1
6,653,671,9,2.1,9,100,0,38,47,10,0,42,1.38,1
7,685,695,5,2.2,5,100,0,22,63,0,18,18,1.31,1
0,347,363,6,2.8,6,90,0,27,41,11,17,29,1.85,1
1,456,501,21,2.2,21,77,18,61,32,8,30,28,1.87,1
2,472,870,57,7.0,57,99,0,791,33,17,26,22,1.96,1
0,8,27,6,3.2,6,78,7,26,15,0,45,40,1.46,1
1,196,208,6,2.2,6,100,0,26,53,15,30,0,1.42,1
2,378,392,6,2.5,6,88,0,23,60,0,20,20,1.37,1
3,404,420,6,2.8,6,90,0,27,76,5,17,0,0.98,1
4,205,1035,240,3.5,240,97,0,1564,40,14,20,24,1.90,1
5,618,632,6,2.5,6,88,0,23,53,0,26,20,1.46,1
6,644,660,6,2.8,6,90,0,27,76,5,17,0,0.98,1
7,654,718,30,2.0,33,77,16,82,46,13,16,23,1.83,1
8,858,872,6,2.5,6,88,0,23,53,0,26,20,1.46,1
9,884,900,6,2.8,6,90,0,27,76,5,17,0,0.98,1
10,1308,1319,6,2.0,6,100,0,24,33,0,16,50,1.46,1
11,1409,1418,5,2.0,5,100,0,20,20,20,0,60,1.37,1
12,1442,1468,8,3.5,8,71,23,30,37,0,18,44,1.50,1
0,168,362,27,8.2,27,53,27,87,32,22,36,8,1.84,1
1,196,450,45,5.7,45,93,0,405,33,22,36,7,1.82,1
2,427,451,9,2.9,8,88,11,36,56,8,36,0,1.29,1
3,203,495,90,3.3,88,78,7,312,33,22,36,7,1.82,1
4,800,816,5,3.4,5,91,0,27,35,0,11,52,1.38,1
5,799,818,5,3.8,5,80,6,26,35,0,10,55,1.34,1
0,249,278,10,3.2,10,81,18,50,30,10,10,50,1.69,1
1,320,331,6,2.0,6,100,0,24,33,0,0,66,0.92,1
2,537,551,6,2.5,6,88,0,23,46,6,0,46,1.29,1
3,694,711,7,2.4,8,90,9,31,61,11,0,27,1.30,1
0,6,215,7,30.0,7,100,0,420,42,28,14,14,1.84,1
1,288,298,5,2.2,5,100,0,22,27,18,18,36,1.94,1
0,21,131,4,27.8,4,100,0,222,50,25,0,24,1.50,1
0,19,41,2,11.5,2,100,0,46,0,52,0,47,1.00,1
1,276,292,3,5.7,3,85,0,27,58,35,0,5,1.22,1
0,60,132,4,18.3,4,100,0,146,50,24,0,24,1.49,1
0,32,131,4,25.0,4,100,0,200,50,25,0,25,1.50,1
0,20,43,3,7.3,3,65,17,20,54,4,4,37,1.39,1
1,68,115,4,12.0,4,100,0,96,50,25,25,0,1.50,1
2,164,173,4,2.5,4,100,0,20,80,0,0,20,0.72,1
3,177,187,5,2.2,5,100,0,22,81,0,18,0,0.68,1
4,692,705,5,2.8,5,88,0,21,85,0,7,7,0.73,1
0,39,50,5,2.4,5,100,0,24,25,0,0,75,0.81,0
1,240,254,6,2.5,6,88,0,23,20,0,0,80,0.72,0
2,241,258,4,4.8,4,73,13,24,22,0,0,77,0.76,0
3,453,465,2,7.0,2,83,16,21,53,0,0,46,1.00,0
4,731,748,4,4.3,4,78,7,22,33,0,22,44,1.53,0
0,181,287,30,3.7,30,71,9,110,33,29,18,17,1.94,0
1,169,291,57,2.2,57,82,5,173,31,28,21,18,1.97,0
2,169,291,30,4.3,27,69,11,108,31,28,21,18,1.97,0
3,537,564,12,2.5,11,83,11,42,57,25,14,3,1.53,0
4,602,633,12,2.7,12,76,9,38,53,9,31,6,1.58,0
5,727,736,3,3.3,3,100,0,20,60,0,40,0,0.97,0
6,927,940,7,2.0,7,100,0,28,14,14,42,28,1.84,0
7,949,962,4,3.8,4,81,18,23,78,0,21,0,0.75,0
8,1609,1623,6,2.5,6,88,0,23,60,6,20,13,1.55,0
9,1675,1685,3,3.7,3,100,0,22,63,0,36,0,0.95,0
10,2028,2050,9,2.6,9,85,0,32,39,0,21,39,1.54,0
0,651,661,3,3.7,3,100,0,22,27,0,36,36,1.57,0
1,859,870,5,2.4,5,100,0,24,0,16,41,41,1.48,0
2,1138,1166,15,1.9,15,85,0,44,17,13,27,41,1.87,0
3,1536,1572,3,12.3,3,76,0,46,8,32,2,56,1.43,0
4,1527,1572,9,4.4,11,72,22,51,8,32,4,54,1.51,0
0,61,84,3,8.0,3,75,25,24,66,4,25,4,1.27,0
1,61,93,15,2.1,17,83,11,49,66,6,21,6,1.35,0
2,187,205,3,6.3,3,87,0,24,47,0,21,31,1.51,0
3,177,205,15,1.9,15,85,0,44,48,6,17,27,1.72,0
4,310,323,6,2.3,6,100,0,28,42,28,14,14,1.84,0
5,853,865,6,2.2,6,100,0,26,0,0,38,61,0.96,0
6,869,894,9,2.8,9,76,5,31,15,34,26,23,1.94,0
7,984,1013,12,2.5,12,88,0,53,46,10,26,16,1.78,0
8,1156,1171,6,2.7,6,90,0,25,62,18,12,6,1.50,0
9,1325,1334,3,3.3,3,100,0,20,70,0,0,30,0.88,0
10,1475,1499,6,3.7,6,72,27,29,24,16,32,28,1.96,0
0,15,39,9,2.9,8,83,16,36,24,40,20,16,1.91,1
1,327,340,6,2.3,6,100,0,28,14,57,14,14,1.66,1
2,408,418,1,11.0,1,100,0,22,0,0,100,0,0.00,1
3,1032,1041,4,2.5,4,100,0,20,30,30,40,0,1.57,1
4,1887,1902,7,2.3,7,100,0,32,62,25,12,0,1.30,1
5,1965,1977,6,2.2,6,100,0,26,53,0,46,0,1.00,1
6,2689,2704,8,2.0,8,100,0,32,0,25,25,50,1.50,1
7,2833,2842,4,2.5,4,100,0,20,20,20,60,0,1.37,1
8,2897,2920,12,2.0,12,83,0,34,41,12,37,8,1.73,1
9,3100,3125,7,3.7,7,71,19,33,69,15,15,0,1.20,1
10,3102,3132,14,2.2,14,88,11,50,67,19,9,3,1.33,1
0,521,540,6,3.3,6,100,0,40,0,35,50,15,1.44,1
1,784,794,5,2.2,5,100,0,22,0,45,54,0,0.99,1
2,1579,1601,9,2.4,9,85,7,32,26,39,30,4,1.75,1
0,231,250,7,2.8,8,85,14,30,20,15,55,10,1.68,1
1,282,292,3,3.7,3,100,0,22,0,36,63,0,0.95,1
2,885,901,6,2.8,6,90,0,27,64,29,5,0,1.17,1
0,244,265,11,2.0,11,83,16,32,31,18,31,18,1.95,1
1,369,387,10,1.9,10,88,0,31,47,15,31,5,1.68,1
2,399,454,24,2.8,18,68,27,56,35,19,35,8,1.83,1
3,395,445,24,2.1,24,85,0,74,35,21,35,7,1.83,1
4,408,445,12,3.2,12,64,14,43,36,21,31,10,1.87,1
5,408,459,24,2.2,24,82,6,71,36,19,34,9,1.84,1
6,442,466,11,2.2,12,85,7,38,44,16,36,4,1.66,1
7,441,469,12,2.4,13,77,16,41,44,17,34,3,1.65,1
0,82,91,1,10.0,1,100,0,20,0,0,100,0,0.00,1
1,259,271,6,2.2,6,100,0,26,69,15,0,15,1.20,1
2,404,413,5,2.0,5,100,0,20,0,60,40,0,0.97,1
3,1196,1207,6,2.0,6,100,0,24,50,0,16,33,1.46,1
4,1980,2007,8,3.6,8,76,9,37,50,28,17,3,1.63,1
5,2436,2449,6,2.3,6,100,0,28,14,14,71,0,1.15,1
6,2446,2463,6,3.0,6,76,23,24,33,11,33,22,1.89,1
7,2468,2481,5,3.0,5,90,10,23,21,35,42,0,1.53,1
8,2922,2935,7,2.0,7,100,0,28,14,28,57,0,1.38,1
0,31,57,13,2.1,13,85,0,40,40,7,18,33,1.78,1
1,179,191,3,4.3,3,100,0,26,0,0,69,30,0.89,1
2,208,221,6,2.3,6,87,0,21,64,0,21,14,1.29,1
3,316,348,3,9.7,3,70,23,31,60,6,27,6,1.44,1
4,316,348,7,4.8,6,72,17,31,60,6,27,6,1.44,1
5,317,348,11,3.0,11,66,20,33,62,6,25,6,1.42,1
6,384,395,6,2.0,6,100,0,24,16,33,0,50,1.46,1
0,571,590,9,2.2,9,90,0,33,60,15,10,15,1.60,1
1,978,995,5,3.6,5,92,0,29,66,5,0,27,1.13,1
